"","Chemistry","Mean_Numbers"
"1","NN",1.71415094339623
"2","Phosphate",0.166006289308176
"3","Silicate",15.5708490566038
"4","pH",8.03484189484906
